ID_ID,TARGET
1690_1889,0
0217_1133,0
1041_1042,1
0789_1700,0
0431_0620,0
1290_1700,0
1330_1331,1
0640_1902,1
1212_1430,0
1100_1101,1
0438_1273,0
0700_1740,0
0825_0826,1
1393_1395,1
0900_0902,1
0213_2050,0
0591_1682,0
0141_0423,0
0175_0206,0
1473_1474,0
0592_0934,0
0732_0770,1
1750_1752,1
0181_0183,1
1001_1002,1
0917_0937,0
0050_1285,0
1262_1263,1
0561_0562,1
1998_1999,1
0510_1933,0
1518_1519,0
2126_2127,1
0815_0816,1
0221_0528,1
0018_0322,1
1514_1515,1
0594_0595,0
0407_0453,1
0332_1872,0
1261_1262,1
0724_1244,0
0864_0865,1
0140_1892,0
1212_2044,0
0322_0323,1
1301_1303,1
0867_1009,0
0477_0478,1
0042_0948,0
0603_0998,0
0397_0420,0
0126_0127,1
1131_2159,0
1816_2013,0
0460_1741,0
1529_1907,0
1051_1289,0
0183_0184,1
0734_1821,0
2123_2124,1
0116_0117,1
0121_1875,0
1876_1877,1
0332_0333,1
1475_1476,1
1601_1611,1
1345_1796,0
1453_1455,1
0339_0499,0
1053_1055,1
0202_1115,0
0785_1958,0
0101_0102,1
1455_1456,1
1313_1389,0
0131_0759,0
1821_1848,1
0376_0377,1
0977_0978,1
0659_1056,0
0100_1121,0
0971_1930,0
1261_1263,1
1143_1145,1
2097_2098,1
0049_1118,0
0329_0950,0
1222_1223,1
0823_0824,1
0181_0182,1
1987_1989,1
0207_2178,0
0037_0238,0
0292_1664,0
1727_1730,1
0470_1800,0
1906_2045,0
0935_0987,0
0306_0996,0
0057_0842,0
1123_1124,1
1603_1921,0
0232_1933,0
0093_0762,1
1386_1721,0
1042_1044,1
0150_0227,1
0700_1935,0
1534_1536,1
1361_1447,0
1100_1376,0
0732_0918,0
0478_1226,0
0309_0801,0
0419_0588,0
0182_0183,1
0247_0296,1
0820_0821,1
0611_1669,0
1751_1752,1
1331_1334,1
0518_1183,0
0031_0293,0
1285_1286,1
0572_1645,0
1325_1670,0
0364_0590,0
1012_1014,1
1766_1767,1
0313_1348,0
2080_2081,1
1172_1561,0
0081_0082,1
0900_0901,1
0404_0405,1
1385_1612,0
1716_1718,1
0612_1684,0
1478_1481,1
2059_2060,1
0045_1264,0
1516_1518,1
1817_1818,1
0557_2005,0
1909_2048,0
0616_1927,0
1104_1105,1
0421_1573,0
0166_0167,0
1552_1553,1
1909_1910,1
1483_1484,1
1454_1455,0
0380_2046,0
1986_1988,1
1741_1742,1
0196_1246,0
1843_1844,1
0360_1255,0
1329_1669,0
0400_1244,0
0095_2078,0
1035_1856,0
0099_2177,1
1818_1819,1
0035_0279,0
0604_1408,0
0510_0856,0
0301_1169,0
0760_1541,0
0217_0288,0
0551_0552,1
1478_1480,1
0607_1121,0
1049_2040,0
1053_1054,1
1018_1021,0
0712_0941,0
2053_2056,1
1018_1022,0
1443_1444,1
1491_1492,1
1516_1519,0
1825_1826,1
1489_1492,1
0516_1343,0
1366_1367,1
1393_1394,1
1399_1400,1
0349_0351,1
0237_0808,0
2026_2027,1
0400_0401,1
1358_1360,1
0376_0528,0
1205_1206,1
0325_2047,0
0707_1655,0
2127_2128,1
0152_0338,0
0255_0811,0
0438_1996,0
1539_2145,0
0099_1853,0
0350_0351,1
1229_1230,1
0068_1575,0
1564_1572,0
0479_0480,1
1840_1842,1
1939_1940,1
0656_2042,0
1754_1756,1
1391_1392,1
1247_1389,0
1286_1784,0
1102_1105,1
0496_0498,1
1024_1025,1
0772_0773,1
0535_0536,1
1068_1547,0
0467_0469,1
0105_1163,0
1743_1744,1
0191_0352,0
1478_1479,1
0074_0075,1
0283_0288,1
1671_1961,0
0975_1121,0
2021_2022,1
0862_0863,1
1066_1067,1
1200_1620,0
1067_1436,0
2101_2112,1
1863_1888,0
0321_0323,1
1485_1487,1
1041_1044,1
1059_1060,1
0426_1555,0
0089_0090,1
1121_1122,1
0557_0558,1
0150_0491,1
1299_1300,1
0292_0747,0
1451_1452,1
0430_0942,0
1791_1792,1
1018_1019,1
0374_1242,0
0938_1406,0
0221_0805,0
1763_1764,1
1403_1404,1
0378_0379,1
1183_1184,1
1744_1745,1
1507_1508,1
0952_0953,1
0475_1457,0
1396_1397,1
1485_1488,1
1702_1704,1
1335_1336,0
0974_1394,0
2134_2135,1
0415_0416,1
1335_1583,0
0407_1678,0
1048_1051,1
1116_1117,1
1034_1037,1
0060_2173,0
1919_1920,1
0051_1294,0
0115_0715,0
0117_1336,0
0736_1639,0
0373_0374,1
1706_2024,0
0414_0415,1
1840_1841,1
0258_0259,1
0219_0774,1
0943_0944,1
0537_1682,0
1016_1017,1
2036_2040,1
1892_1925,0
0421_0425,1
1119_1857,0
0884_0886,0
0521_0522,1
0813_1521,0
0819_2006,0
0979_0981,1
0528_1546,0
1470_1471,1
2026_2028,1
1472_1473,1
0010_0352,0
0827_0829,1
0020_0513,0
0092_1373,0
0741_0949,0
0545_1979,0
0054_2154,0
0282_1554,0
1321_1323,1
1758_1759,1
0511_0512,1
0937_1994,0
1384_1385,1
0577_1422,0
1906_1907,1
2075_2076,1
0904_1855,0
0329_1423,0
1064_1065,1
1045_1046,1
1050_1051,1
2081_2082,1
0504_2081,0
1548_1549,1
1275_1598,0
0994_2175,0
0889_0977,0
1627_1628,1
0893_2014,0
0414_0416,1
0602_0651,1
0588_1078,0
0740_0741,1
0222_0875,0
1453_1454,1
1095_1266,0
1994_1995,1
0238_0333,1
0109_1534,0
0470_0876,0
1383_1384,1
1111_1113,1
2074_2076,1
1103_1104,1
1077_1079,1
0576_1363,1
1338_1434,0
0058_1531,0
1502_1504,1
1843_2166,0
0497_0499,1
0913_1804,0
1750_1751,1
0181_0184,1
0336_0674,1
0132_0388,0
0255_0256,1
1979_1980,1
0893_0903,0
0783_0784,0
0238_1646,0
1759_2153,0
0816_0817,1
0620_1876,0
1856_1857,1
1370_1371,1
1529_1535,0
0525_1208,0
0261_0262,1
0063_0838,0
0038_2177,0
1399_1402,1
0132_0926,0
0829_1212,0
1227_1640,0
1575_1945,0
0572_1294,0
0652_0870,0
1281_1283,0
1041_1043,1
1822_1981,0
1000_1002,1
0492_0493,1
1331_1333,1
0596_0811,0
1587_1740,0
0207_1807,0
1585_1586,1
0537_1313,0
0388_1211,0
0828_0829,1
0201_2172,0
0867_2020,0
0341_0342,1
0171_0172,1
0147_0148,1
0659_0805,0
0281_1000,1
2004_2005,1
0223_0910,0
2037_2040,1
0243_0618,0
0268_0635,0
0524_1495,0
0326_0327,1
0121_1835,0
0003_0676,0
0873_0940,0
0271_0837,0
1400_1401,1
1056_1636,0
0601_1806,0
1307_1308,1
0144_0146,1
0853_1388,0
1635_1639,0
1238_2158,0
1351_1352,1
1366_1368,0
1490_1492,1
1038_1039,1
0650_0790,0
0601_1674,0
1482_1483,1
1387_1388,0
0287_0355,0
0057_0558,0
1414_1416,1
0240_0241,1
0464_0466,0
0228_1721,0
1499_1500,1
0644_1538,0
1438_1439,0
0147_0288,0
1708_1709,1
1952_1954,0
0702_1533,0
1694_1860,0
0187_0188,1
0964_2084,0
1986_1989,1
0327_0854,0
2063_2064,1
0899_1004,1
0424_1646,0
1248_1249,1
0853_1385,0
0179_0180,1
0317_1244,0
0763_1721,0
1495_1497,1
1056_1801,0
0730_0731,1
1185_1186,1
1455_1457,0
0585_1212,0
0124_1474,0
0280_2164,0
0676_0677,1
0428_0429,1
1083_2153,0
0733_0901,0
0176_1466,0
1149_1880,1
1420_1421,1
1534_1535,1
1896_2115,0
1152_1634,1
2104_2105,1
0246_0341,0
0172_0539,0
1574_1577,1
0658_0659,1
2038_2039,1
0121_1721,0
0168_1235,0
1663_1672,0
1517_1520,1
1548_1550,1
0975_2132,0
0474_0624,0
1317_1898,0
1214_1872,0
0443_2013,0
2026_2029,1
1420_1422,1
1182_1184,1
2146_2147,1
0334_0682,0
0481_0482,1
0887_0888,1
1774_1775,1
1240_1774,0
1091_2013,0
0391_0392,1
0884_0885,0
1469_1471,1
0705_0707,1
0174_0451,0
0818_0819,1
0334_2003,0
0809_0810,1
0706_0707,1
0340_0345,0
1723_1725,1
1680_1984,0
0411_1017,1
1337_2145,0
0010_0314,0
1239_1813,0
0258_0866,0
1861_1862,0
0920_0921,1
1158_1159,1
0235_0236,1
1453_1456,1
1265_1267,1
0199_1283,0
0430_1538,0
0596_1007,0
0937_2153,0
0110_0651,0
1054_1055,1
1093_1094,1
1271_1272,1
1975_1977,1
0751_1689,0
0529_2139,0
1134_1135,1
0021_1858,0
0339_0589,0
1031_1993,0
1671_2154,0
1460_1462,1
0901_0902,1
0560_0562,1
0482_2139,0
0466_0852,0
2016_2017,0
0847_0848,1
0668_0679,1
1564_1796,0
1089_1138,1
0193_0287,0
0032_1017,0
1597_1835,0
0715_1521,0
2079_2081,1
0795_0796,0
0274_0987,0
0698_0777,0
1577_1902,0
0343_0344,1
1224_1225,1
0282_1009,0
1950_1963,0
0277_0278,1
1304_1305,1
0441_1118,0
0004_0096,0
1085_1086,1
0412_1180,0
0490_0898,1
1205_1207,1
1735_1736,1
0490_0559,0
0727_0970,0
1414_1415,0
0023_2107,0
0269_1256,0
1330_1332,1
0110_0872,0
1188_1899,0
0982_1686,0
1042_1043,1
1598_1643,0
0813_1781,0
0036_0263,1
1427_1429,0
1266_1267,1
2123_2125,1
0285_1697,0
0168_0169,1
0457_0523,0
1309_1310,1
2124_2125,1
0121_1609,0
0466_1254,0
1378_1379,1
1321_1322,1
0129_0680,1
0349_0350,1
0355_1188,0
1302_1304,1
0052_0053,1
0846_0847,1
1228_1229,1
0681_0739,0
0846_0848,1
2146_2148,1
0213_0288,0
0624_1155,0
0234_1413,0
0124_1758,0
1020_1021,1
2018_2019,0
1521_1522,1
2068_2069,1
1075_1076,1
1460_1461,1
1099_1101,1
0293_2055,0
1480_1481,1
0345_0937,0
0607_1689,0
0696_0697,1
1948_1949,0
0845_1848,0
0078_0956,0
0418_0419,1
1043_1044,1
1525_1526,1
0140_0243,0
0282_2034,0
1878_2006,0
0708_1633,0
0518_2156,0
1575_1577,1
0185_2058,0
0495_2007,0
0771_1735,0
0503_1731,0
1731_1732,0
1574_1576,1
0364_0735,0
0291_0918,0
0294_0295,1
0576_0758,1
1096_1097,1
1369_1370,1
1727_1728,1
0053_0054,0
0774_0775,1
2147_2148,1
1571_1572,1
0713_1092,0
0982_1370,0
0722_1098,0
0857_1937,1
1109_1150,0
0690_1671,0
0111_0112,1
1246_1326,0
1821_2178,0
0303_0304,1
1164_1165,1
0749_0750,1
1775_1776,1
1078_1079,1
0645_0932,0
1185_1187,1
2080_2082,1
0682_1492,0
1322_1797,0
1250_1251,1
2017_2018,1
1332_1334,1
1752_1753,1
0853_1092,0
1579_1581,1
0116_0917,1
0074_0903,0
0239_0754,0
0328_0329,1
0398_1596,1
1344_1431,0
1156_1364,0
1243_1945,0
0456_0457,1
1841_1842,0
0729_2163,0
0524_0621,0
1268_1270,1
0393_0394,1
1302_1613,0
1069_1072,1
0263_1317,0
0212_1601,0
0592_1625,0
0402_0403,1
2140_2152,0
0974_2049,0
1119_1860,0
1069_1071,1
0745_1835,0
1602_1865,0
0534_0536,1
1482_1484,1
1149_1612,0
0036_0093,0
1028_1029,1
0330_0491,0
1244_1257,0
0832_0833,1
1690_1691,1
2123_2144,0
0571_1474,0
0868_1323,0
1135_1137,1
2126_2128,1
1215_1652,0
1699_1972,0
1566_1568,1
1672_1673,1
0031_1321,0
0911_0912,1
0969_0970,1
1099_1100,1
1413_1738,0
1178_1179,1
1996_1997,1
0346_0709,0
1380_1381,1
0578_1664,0
0826_1322,0
1349_1434,0
0593_2082,0
0367_0961,0
0360_0449,0
0337_0338,1
0197_0938,0
2106_2165,0
1345_1619,0
1472_1474,1
1518_1520,1
0224_1579,0
0241_0608,0
1525_1528,1
2079_2082,1
0396_1773,0
0906_1338,0
1901_2151,0
0628_1818,0
0128_1198,0
0022_0527,0
1373_1374,1
1214_1852,0
0313_0441,0
0761_0762,1
0533_1264,0
1703_1704,1
0442_0443,1
0166_1881,0
1112_1113,1
0936_1466,0
1405_1930,0
0888_2041,0
1146_2098,0
0754_0755,1
2057_2058,1
1151_1566,0
1301_1304,1
0291_1419,0
1005_1490,0
2021_2023,1
1024_1026,1
0647_0648,1
0875_1635,0
0897_1990,0
1460_1463,1
1029_1912,0
0062_0733,0
0984_1581,0
1787_1789,1
0937_2114,0
1024_1027,1
1268_1269,1
1526_1527,1
0732_2014,0
0216_0663,0
2115_2117,0
0178_0179,1
1461_1462,1
1219_1220,1
0353_1894,0
0674_1254,0
0067_0431,0
0939_0940,1
0078_0333,0
0109_0194,1
2053_2055,1
1323_1361,0
0019_1828,0
1154_1945,0
1200_1830,0
1322_1323,1
1565_1567,1
2053_2054,1
1143_1144,0
0209_0773,0
1122_1289,0
0496_0497,1
1134_1137,1
0663_0842,0
1570_1572,1
0170_0249,0
1205_1255,0
0998_1097,0
0045_1326,0
1102_1104,1
1697_1698,1
0467_0468,1
1006_1993,0
0851_1236,0
0656_0657,1
1333_1334,1
1609_1610,1
1456_1457,0
1191_1192,1
1297_1798,0
0539_0559,0
0566_1799,1
0952_1202,0
0717_0718,1
2050_2051,1
0452_1664,0
0113_0114,1
0880_1872,0
2054_2055,1
1690_1692,1
0304_1605,0
2092_2093,0
1013_1014,1
1396_1398,1
1045_1047,1
1519_1520,0
0035_0287,0
1042_1244,0
0738_0962,0
1696_1698,1
0047_0048,1
0111_2118,0
0393_0489,0
1574_1578,1
0213_0874,0
0445_1669,0
0187_0189,1
1490_1491,1
0225_1015,0
0020_1241,0
1829_1830,1
0924_0925,1
0270_0560,1
0186_1437,0
0597_1633,0
0466_1644,0
1332_1333,1
0318_0611,0
0778_1943,0
0975_1897,0
0349_1552,0
0962_2101,0
0406_0911,0
0011_0012,1
0261_0884,0
0161_0641,0
1467_1846,0
0225_0300,0
1069_1070,1
1109_1110,1
0751_1096,0
0161_1701,0
0039_0636,0
2076_2077,1
1575_1578,1
0257_1615,0
0190_2004,0
0765_1803,0
0013_0931,0
0162_0966,0
0175_0176,1
1023_1026,1
0646_0964,0
0985_1167,0
1213_2082,0
0228_0855,0
0881_1831,0
1527_1528,1
0486_0487,1
1170_1173,1
1476_1477,1
1380_1382,1
1302_1303,1
0169_0170,1
0748_1652,0
0322_0606,0
1089_1090,1
0958_1798,0
1250_1786,0
0804_0805,1
0784_1963,0
0941_2085,0
0673_0674,1
0067_0283,0
1381_1382,1
1410_1411,1
0208_0521,0
2065_2066,1
0108_0109,1
1011_1012,1
1437_1446,0
0143_1869,0
2071_2109,0
1605_1898,1
1525_1527,1
0033_1134,0
1754_1755,1
1756_1757,1
0159_0513,0
1918_1919,1
0543_0544,1
0131_0505,0
0943_2047,0
1503_1740,0
0995_2062,0
1530_1531,1
1084_1086,1
0207_1630,0
1994_2020,0
0289_0290,1
1035_1037,1
0259_1026,1
0466_1790,0
1489_1490,1
0014_0057,0
0038_0058,0
1928_2133,0
1114_1115,1
0216_0367,1
0835_0836,1
1019_1022,1
0037_1193,0
1162_1163,1
1966_1967,0
0273_0274,1
0603_1903,0
1817_1819,1
1172_1173,1
0250_1180,0
1295_1296,0
0897_2150,0
1253_1549,0
2079_2080,1
1211_1735,0
1177_2125,0
1942_1962,0
0649_0650,1
0448_0449,1
0166_0436,0
1521_1952,0
0233_0296,0
0885_0886,1
0145_0146,1
1594_1595,1
1599_1625,0
0272_1127,0
1070_1071,1
1576_1578,1
0893_0926,0
0891_0981,0
0831_0912,0
0490_0491,1
0714_2094,0
0320_0523,0
1443_1445,1
0214_0215,1
0390_0391,1
0895_0909,0
0414_0818,0
1023_1027,1
0710_0711,1
0510_1778,0
1510_1511,1
0769_0770,1
0747_1279,0
1015_2154,0
1275_2150,0
0104_0335,0
1015_1340,0
0778_0786,1
0471_0587,0
0599_1933,0
1291_1292,1
0239_1828,0
1149_2158,0
0335_1883,0
0858_0859,1
0329_0330,0
0529_1822,0
0359_2037,0
1573_1702,0
1034_1035,1
0239_1665,0
0381_1446,0
0606_1953,0
0520_1191,0
0146_1848,0
1274_1337,0
0386_0679,0
0742_1389,0
0388_0963,0
1040_1511,1
0716_1809,0
1412_2111,0
0859_0860,0
0419_0446,1
1301_1305,1
1458_2079,0
1355_1356,1
0793_0794,1
1663_1734,0
1063_1065,1
0269_1987,0
0856_0899,0
1040_2139,0
0681_1514,0
1454_1457,1
1598_1864,0
1303_1304,1
2008_2009,1
0122_1520,0
0381_0509,1
1566_1567,1
0710_0954,0
1157_1160,1
0752_0754,1
1238_2167,1
0704_2137,0
0300_0683,0
1011_1013,1
0558_1964,0
1736_1737,1
1645_1855,0
0183_1234,0
0364_0365,1
1162_1652,0
0550_0883,1
0204_0533,0
0765_2131,0
0239_1958,0
1144_1145,1
1258_2014,0
0751_1214,0
1351_1353,1
0385_0386,1
0116_0304,1
0431_0432,1
0770_2134,0
1930_1997,0
1122_2173,0
0921_1358,0
0050_0055,0
1052_1053,1
0055_1246,0
1429_1952,0
1705_1706,1
0005_1286,0
0304_1408,0
0847_2153,0
1827_1828,1
0647_1653,0
0370_0371,1
0902_1746,0
0437_0439,1
1999_2000,0
1448_1449,1
0292_0602,0
1353_1509,0
0751_0774,0
0979_0980,1
1303_1305,1
1399_1401,1
0178_1439,0
1587_1879,0
2063_2067,1
0083_0585,1
0151_0152,1
0520_1557,0
1080_1081,1
1642_1643,1
0015_0725,0
0188_0189,1
0691_1398,0
0260_0451,0
0509_0510,1
1080_1083,1
0525_1446,0
0904_0905,1
2028_2029,1
1699_1937,0
1015_2150,0
0080_1693,0
1561_1562,1
1925_1926,1
0540_1836,0
0601_0898,0
0525_2044,0
1120_1911,0
0105_0840,0
1574_1575,1
0136_0504,0
0032_1919,0
0209_0210,1
0300_1828,0
1375_1376,1
0640_1107,0
1087_1088,1
0987_1265,0
1158_1160,1
0117_0292,0
0500_1161,0
0710_0723,0
0433_0435,0
0028_0094,1
1383_1385,1
0470_1574,0
0758_0759,1
2074_2077,1
0619_1337,0
1397_1398,1
0549_1606,0
1012_1013,1
0230_0856,1
0362_0363,1
1708_1710,1
1142_1902,0
0876_1263,0
0725_0726,1
0331_0634,0
1791_1794,1
1032_1033,1
1599_1600,1
0628_0908,0
2075_2077,0
0714_1533,0
0132_2020,0
0018_1620,0
0181_0502,0
0159_1154,0
1246_1837,0
0358_1903,0
0212_1888,0
0549_1661,0
0066_0409,0
0910_1564,0
1170_1172,1
1575_1576,1
0618_1350,0
0150_1218,0
0118_0524,0
0946_0947,1
0204_0205,1
1258_1259,1
0624_1325,0
2116_2117,1
0652_2177,0
1157_1159,1
0191_1005,0
0811_0812,1
1835_1836,1
1219_1221,0
1190_1608,0
0191_0605,0
1768_2138,0
1438_2077,0
2016_2018,0
1082_1083,1
0825_2167,0
0009_0553,0
1235_1877,0
1364_1365,1
1614_1615,1
0421_0461,0
0279_1473,0
1275_1276,1
1953_1954,1
0506_0507,1
0092_0093,1
2045_2048,1
1048_1050,1
1073_1074,1
0034_1771,0
0843_1418,0
0291_0628,0
0667_1522,0
0555_1719,0
0526_0527,1
0083_0708,0
0742_1900,0
1398_1424,0
1315_1316,0
0765_2165,0
1367_1368,1
0495_0741,0
0232_0280,0
2039_2040,1
0359_0360,1
1886_1887,1
1751_1753,1
0361_1797,0
0103_1669,0
0302_0685,0
2120_2121,1
0662_0908,0
0467_0993,1
0084_0538,0
1686_1858,0
2036_2039,1
1489_1491,1
1236_1664,0
0724_1978,0
0217_0792,0
1567_1568,1
0514_0515,1
1176_1177,1
0979_2101,0
0580_1389,0
0993_2169,0
1552_1933,0
0935_1693,0
2063_2066,1
0204_0206,1
1706_1707,1
0383_1322,0
0542_0932,0
1564_2119,0
0173_0174,1
0191_1047,0
0556_1669,0
1359_1962,0
0135_0773,0
0839_0840,1
0446_0447,1
2069_2070,1
1034_1036,1
1726_1728,1
0420_1657,0
0176_0195,0
0036_1999,0
0836_0837,1
0900_1095,0
0693_0730,0
1726_1729,1
0296_2138,0
1486_1488,1
0327_0681,0
1359_1360,1
0664_0665,1
1651_2015,0
1743_1745,1
1400_1402,1
0065_1803,0
0613_0675,0
0752_0755,1
1774_1776,1
0153_0806,0
0243_0500,0
1827_1934,0
0669_0670,1
0923_0937,1
1199_1291,0
0137_0961,0
1981_1982,0
0821_2159,0
1565_1566,1
0140_0896,0
0078_0079,1
0426_1386,0
0121_0951,0
1824_2103,0
1900_1901,1
0205_1677,0
0720_1815,0
0897_1039,0
0840_1740,0
2036_2038,1
0275_0473,0
0518_1237,0
0877_2002,0
1350_2163,0
1689_1838,0
1135_1136,1
0462_0463,1
0306_1522,0
0477_1931,0
0579_0668,0
0244_0245,1
0541_0787,0
0930_1274,0
1604_2073,0
1132_1133,1
0226_1444,0
0431_1693,0
0498_0499,1
0698_1261,0
1781_2088,0
0629_1197,0
0347_0348,1
1171_1172,1
1728_1730,1
0280_0851,0
1330_1334,1
1479_1481,1
0253_0317,0
0957_1915,0
0050_2096,0
0947_1363,0
0126_1189,0
0087_1255,0
0894_1689,0
1748_1749,1
0040_1208,0
0157_1280,0
1269_1270,1
0473_1773,0
1975_1976,0
0815_0817,1
0493_0923,1
1544_2062,0
0835_0837,1
2109_2110,1
0254_1336,0
0774_0776,1
0971_1201,0
0010_2005,0
1539_1540,1
1161_1163,1
1168_1963,0
0008_0127,0
0132_0432,0
0221_1232,0
0281_1652,0
1517_1519,0
0998_1636,0
1605_2155,0
0883_1158,0
0142_0143,1
1765_1766,1
1715_1716,1
0807_1154,0
1071_1072,1
1516_1517,1
0502_0503,1
0309_0604,0
1998_2000,0
1171_1411,0
0656_1596,0
1648_1649,1
1111_1112,1
0338_1366,0
1705_1707,1
1158_1795,0
1611_1612,1
1025_1027,1
0257_0646,0
1428_1429,1
1284_1866,0
0212_0569,0
1298_1758,0
0951_1809,0
0098_1700,0
1163_1175,0
0321_0322,1
0517_0751,0
1735_1737,1
0931_2167,0
0766_1602,0
0790_0791,1
2031_2033,1
0908_1008,1
0010_1534,0
1116_1408,0
0753_0755,1
1726_1730,1
0450_0451,1
0345_1057,0
0420_0639,0
0582_1356,0
1728_1729,1
1020_1022,1
1549_1550,1
0229_0413,0
1606_1607,1
0154_0934,0
1452_1666,0
0344_0666,0
0796_1713,0
0271_0272,1
1820_1931,0
1250_2024,0
2032_2033,1
0775_0776,1
0218_1626,0
0324_0325,1
0553_0554,1
0694_1155,0
0022_1885,0
0449_1572,0
0051_1025,0
0717_2120,0
0909_1074,0
0245_0285,0
0291_1446,0
1724_1725,1
0849_1938,0
1318_1923,0
0368_0369,1
0850_0851,1
0616_0956,0
1075_1151,0
0442_1798,0
0048_2172,0
1403_1405,1
1206_1207,1
0618_0653,0
1622_1891,1
1412_1413,1
0437_0973,0
0154_2020,0
1406_1407,1
0126_0723,0
0963_2178,0
1458_1459,1
0806_1192,0
0433_0434,0
1787_1788,1
1314_1656,0
0523_0611,0
1908_2162,0
1376_1377,1
0618_0732,0
0193_0615,0
0829_1066,0
1154_1155,1
2017_2019,1
0175_1668,0
0611_1754,0
1792_1794,1
0990_1635,0
0082_0149,0
1451_1653,0
0242_0302,0
1454_1456,0
1274_2083,0
1453_1457,1
0069_0402,0
2115_2116,1
0460_0982,0
2065_2067,1
1253_1959,0
2088_2089,1
0797_0922,0
1709_1710,1
0575_1997,0
0993_1237,0
1375_1377,0
1616_1617,1
1008_1062,0
0662_2175,0
1125_1529,0
0799_0800,1
0254_2035,0
0515_0677,0
0473_1786,0
0821_0822,0
0844_0845,1
1302_1305,1
0125_0126,1
0155_0156,1
1404_1405,1
0233_1938,1
1052_1054,1
0279_1595,0
2037_2038,1
0390_0392,1
1103_1105,1
1190_1430,0
0898_0942,0
0177_0588,0
0028_0450,0
2131_2132,1
1551_1552,1
1063_1064,1
0135_0171,0
0534_0861,0
0772_1870,0
1427_1428,1
0131_0868,0
0245_0674,0
0862_1686,0
1723_1724,1
1487_1488,1
0061_2168,0
2036_2037,1
0122_0262,0
1845_1846,0
0146_1423,0
0472_0488,0
0367_0387,0
1448_1450,1
0016_0017,1
1702_1703,1
0266_0267,1
1603_1806,0
1579_1580,1
1061_1062,1
0141_0703,0
0867_1430,0
1046_1047,1
1658_1659,1
0667_1157,0
0328_0330,0
0344_2084,0
0802_1008,0
0911_1911,0
1130_1314,0
1258_1260,1
0259_0610,0
1095_1644,1
0357_0985,0
1298_2153,1
0277_2136,0
0182_0184,1
0058_1938,0
0056_0781,1
1908_2123,0
0931_0961,0
0098_0977,1
1563_1786,0
0621_1440,0
1879_1905,0
0217_0490,0
0047_1636,0
0193_0201,0
0095_0243,1
1277_1278,1
2037_2039,1
0617_0719,0
0602_2166,0
0544_0562,1
0690_0691,1
0965_1533,0
1639_1640,1
1496_1497,1
0168_0170,1
0640_1370,0
1161_1162,1
0408_0409,1
0502_1327,0
0249_0250,1
0049_0245,0
1691_1692,1
0054_1690,0
1389_1390,1
0333_0772,0
0555_1893,0
0048_1595,0
0735_1471,0
0185_0193,0
0063_0741,0
1138_1139,1
1220_1221,0
0028_1314,0
1444_1445,1
0129_0787,0
0517_1911,0
2066_2067,1
1049_1050,1
0460_0617,0
0016_1308,0
1358_1359,1
1837_1856,1
1125_1274,0
1508_1509,1
1394_1395,1
0556_0603,0
2137_2138,1
1494_1689,0
1211_1971,0
1414_1417,1
0013_1554,0
0050_0915,0
0261_0372,0
0788_0789,1
0161_0284,0
0298_0299,1
0381_1680,0
0265_0280,1
1558_1559,1
0237_0246,0
1916_1917,1
0096_0097,1
1738_1739,1
1175_1176,1
1214_2120,0
1084_1085,1
0178_0180,1
0231_1377,0
1003_1004,1
2022_2023,1
0162_0163,1
0045_0493,0
1461_1463,1
0600_1888,0
1519_1537,0
1716_1717,1
0148_1695,0
1352_1353,1
1880_2175,0
0357_0882,0
1726_1727,1
1000_1001,1
0118_0119,1
1236_2136,0
0488_0489,1
1788_1789,1
0437_0438,1
0257_1724,0
1077_1078,1
1557_1558,1
0651_1314,0
0531_0532,1
0448_1618,0
1023_1025,1
0068_2080,0
0896_1114,0
1467_1468,1
0847_1646,0
0195_0197,1
0137_2130,0
0894_1812,0
1485_1486,1
1019_1021,0
0581_0693,0
0797_0798,1
0457_2113,0
0689_2123,0
0262_1672,0
1727_1729,1
0932_1683,0
0702_1278,0
1182_1183,1
1987_1988,1
0154_2017,0
1779_1780,1
1576_1577,1
0744_1066,0
2016_2019,0
0869_1569,0
0667_1790,0
1701_1702,1
0238_1967,0
1665_1810,0
1653_1654,1
1291_1927,0
0159_2040,0
1824_1929,0
2027_2029,1
1751_1843,0
1680_2028,0
2141_2142,1
0813_0814,1
1149_1150,1
0476_1306,0
1517_1518,1
1976_1977,0
1758_2023,0
0440_0674,0
0705_0706,1
0105_1748,0
1638_1855,0
0235_0559,0
0752_0753,1
1765_1767,1
0110_0556,1
1159_1160,1
0755_1929,0
0398_1142,0
1418_1419,1
0091_2138,0
0393_1431,0
1772_1987,0
0917_0918,1
0124_2095,0
0067_1619,0
0013_1625,0
1052_1055,1
1832_1833,1
1341_1343,1
0858_0860,1
1282_1283,1
0050_0583,0
1841_2013,0
1192_1982,0
1208_1257,0
1327_1328,1
0498_0524,0
1580_1581,1
1186_1187,1
1228_1230,1
0954_0955,1
1126_1127,1
1081_1082,1
0019_1850,0
0081_1179,0
0559_1445,0
0873_2061,1
1631_1632,1
0500_0948,0
0280_0739,0
0932_0974,0
0710_2174,0
0513_0927,0
1952_1953,0
0760_1595,1
0949_1626,0
0874_1042,0
0224_1924,0
1023_1024,1
0799_0801,1
1048_1049,1
0164_0165,1
0380_1679,0
0754_2023,0
1218_1244,0
0635_0917,0
1464_1465,1
0767_0768,1
0166_2114,0
1761_1762,1
2024_2025,1
1301_1302,1
1469_1470,1
1157_1158,1
0444_0445,1
1111_1653,0
0654_0655,1
0372_0397,0
1512_1513,1
0902_1308,0
0229_0765,0
1265_1266,1
0661_1825,0
1025_1147,0
0710_1683,0
1795_1796,1
0476_0681,0
0110_1538,1
1713_2048,0
1545_1546,1
1059_2074,0
0464_1787,0
0980_0981,1
0286_0287,1
1331_1332,1
1503_1504,1
1433_2029,0
1867_2078,0
0144_0145,1
0243_0955,0
0710_1335,0
1146_1604,0
1281_1282,0
1715_1718,1
0771_1006,0
0301_0694,1
0185_0186,1
1956_1957,1
1715_1717,1
0275_0899,0
1505_1506,1
2068_2070,1
2054_2056,1
0380_1411,0
0939_2002,0
0496_0499,1
0778_1570,0
1475_1477,1
1507_1509,1
0407_1959,0
0694_0986,0
1874_1875,1
1043_1603,1
1768_1769,0
0654_1650,0
1782_2073,0
0600_1187,0
1130_2035,0
0071_1988,0
1308_1327,0
0784_0905,0
1646_1647,1
0058_0520,0
0251_0252,1
0252_0941,0
0719_0720,1
0912_1944,0
1094_1335,0
0638_1234,0
0468_0469,1
1175_1177,1
0610_0620,1
2130_2131,1
0007_0008,1
0035_0109,0
0236_0666,0
0497_0498,1
0800_0801,1
2055_2056,1
0356_0357,1
1026_1027,1
0501_1691,0
1535_1536,1
0177_0289,0
1371_1372,1
0133_0134,1
2074_2075,1
0198_0669,0
0281_1212,0
1174_1177,1
1661_1861,0
1717_1718,1
1551_1553,1
1441_1442,1
1777_1778,1
1791_1793,1
1035_1036,1
1292_1293,1
2063_2065,1
1357_1771,0
0407_0787,0
1597_1651,0
0103_0104,1
0545_0546,1
1451_2029,0
0046_1778,0
0620_2086,0
1130_1336,0
1018_1477,0
0375_0377,1
1923_1924,1
1019_1020,0
0225_0602,0
0251_0892,0
0288_0559,1
0316_0993,0
0024_0812,0
1755_1756,0
0743_1864,0
0914_1351,0
1969_1970,1
1011_1014,1
1018_1020,0
0473_1693,0
0991_2170,0
0990_1904,0
1339_1340,1
0222_0223,1
1947_2073,0
1570_1571,1
0476_1067,0
0591_0686,0
1120_1317,1
1636_1844,0
0827_0828,1
1021_1022,1
0101_0866,0
1415_1416,1
0843_1807,0
0775_1681,0
1805_1807,0
1341_1342,1
1344_2091,0
0653_1746,0
0830_1880,1
2001_2002,1
1415_1417,1
0018_0937,0
2130_2132,1
1330_1333,1
0452_0453,1
1780_1805,0
1872_1996,0
0028_0202,1
1869_2063,0
0485_0487,1
0745_2148,0
1486_1487,1
1362_1645,0
1416_1417,1
0141_2044,0
1792_1793,1
1680_1800,0
1565_1568,1
1102_1103,1
1259_1260,1
1512_1958,0
2030_2032,1
1479_1480,1
0375_0376,1
1564_1712,0
1146_1656,0
1755_1757,1
1449_1450,1
1526_1528,1
0974_1098,0
1988_1989,1
0756_0757,1
0513_0524,0
0644_0665,0
2087_2089,1
0021_0440,0
2031_2032,1
0965_1707,0
0083_0688,0
0254_1854,0
0405_1640,0
1025_1026,1
0496_0925,0
1370_1372,1
1072_1596,0
1134_1136,0
1701_1703,1
1557_1559,1
1513_1529,0
0560_0561,1
1850_1851,1
1064_1092,0
1319_1320,1
1240_1241,1
0054_0441,0
0393_0866,0
0732_1015,0
1369_1795,0
0558_1128,0
0602_0765,0
1754_1757,1
0895_1834,0
1170_1171,1
0434_0435,1
1369_1371,1
0521_0646,0
0030_0031,1
0985_0986,1
0480_0838,0
1421_1422,1
2064_2066,1
0092_0937,1
1655_1656,1
1544_1674,0
1668_1883,0
0465_0778,0
0059_1584,0
1532_1834,0
0967_0968,1
0205_0206,1
0534_0535,1
1287_1288,1
1971_1972,1
2010_2011,1
0704_0965,0
0123_0406,1
0592_1709,0
0332_0593,0
0600_0684,0
0396_1861,0
1279_1280,1
1174_1176,1
1171_1173,1
0675_0804,0
2027_2028,1
1607_1659,0
1344_1345,1
2030_2031,1
0319_0320,1
0971_1948,0
0849_1754,0
1036_1037,1
1922_1923,1
1523_1524,1
0695_1007,0
1785_1786,1
1516_1520,1
0956_1938,0
0775_1814,0
0129_0581,0
1140_1890,0
2064_2067,1
1625_1657,0
0086_0227,1
0387_0393,0
1401_1402,1
1859_1860,1
0458_0459,1
1577_1578,1
0264_1209,0
0520_0737,0
0585_1515,0
2038_2040,1
0052_0054,0
1150_2055,0
0435_1436,0
0395_2148,0
0203_1599,0
0953_1992,0
0382_1440,0
1750_1753,1
1696_1697,1
1922_1924,0
1739_1931,0
2030_2033,1
0510_0560,0
1986_1987,0
0778_2014,0
0636_1160,0
0753_0754,1
0438_0439,1
0459_0549,1
0091_1434,0
0674_0908,0
0232_1122,0
1684_1807,0
2064_2065,1
1793_1794,1
1661_1684,0
0449_0944,0
1425_1426,0
0701_1572,0
1136_1137,1
0243_0950,0
0225_0961,0
1237_1238,1
0759_0876,0
1049_1051,1
1008_1541,0
1684_1685,1
0152_0892,0
0515_0832,0
0619_1596,0
0237_0639,0
0688_2061,0
2161_2170,1
0501_1931,0
1918_1920,1
1493_1494,1
1701_1704,1
0919_1191,0
1080_1082,1
0057_0311,0
1950_1951,1
1342_1343,1
0042_1529,0
1070_1072,1
0781_0782,1
1299_1689,0
1858_2094,0
0303_0407,0
1134_1451,0
1125_1810,0
0152_0723,0
0771_1212,0
1291_1293,1
0995_2071,0
0531_1379,0
0746_0747,1
2111_2112,1
0317_0406,0
1502_1503,1
0125_0127,1
0260_0984,0
2087_2088,1
1128_1129,1
1174_1175,1
1495_1496,1
1369_1372,1
1590_1591,1
0485_0486,1
0147_0267,0
0008_0702,0
1719_2043,0
1462_1463,1
0263_0619,0
1081_1083,1
0906_2113,0
0061_1914,0
0723_2090,0
1166_1167,1
1729_1730,1
0076_0621,0
0949_0950,1
